testType,numThreads,chunkSize,meanTime,stdDev,maxTime,minTime,numIter,totalPasswords
PARALLELO,2,500,5.59608,2.67152,9.4646,2.22488,4,2965748
PARALLELO,2,1000,4.95437,2.02759,7.65538,2.0694,4,2965748
PARALLELO,2,2000,4.52138,2.68371,8.37876,1.10258,4,2965748
PARALLELO,2,4000,4.3245,2.33765,7.41622,1.11762,4,2965748
PARALLELO,4,500,3.11247,1.7428,5.52802,0.828656,4,2965748
PARALLELO,4,1000,3.32923,1.80797,5.69012,0.826952,4,2965748
PARALLELO,4,2000,3.21528,1.74229,5.62908,0.905571,4,2965748
PARALLELO,4,4000,3.20791,1.82493,5.76987,0.863076,4,2965748
